{"L1caloTau": {"default": {"barrel": {"offset": -10.871920725051726, "slope": 1.6910051951745764}, "endcap": {"offset": -45.7691736081406, "slope": 2.5410423155289257}}}, "L1hpsTau": {"default": {"barrel": {"offset": 1.8783280710478891, "slope": 1.7408305577437153}, "endcap": {"offset": 37.49301650194258, "slope": 1.4991719967934074}}}, "L1nnCaloTau": {"default": {"barrel": {"offset": -0.7156269029121916, "slope": 1.3125263109870344}, "endcap": {"offset": -6.022119809604722, "slope": 1.3755790706614288}}}, "L1nnPuppiTau": {"default": {"barrel": {"offset": 3.5316970710163034, "slope": 1.2649278135977127}, "endcap": {"offset": -3.1528739773353935, "slope": 1.656044136839053}}}}